{"accuracy": [0.8278829455375671, 0.8588640093803406, 0.8683304786682129, 0.8846815824508667, 0.9027538895606995, 0.9268502593040466, 0.9414802193641663, 0.9604130983352661, 0.9664371609687805, 0.9767642021179199, 0.9862306118011475, 0.9922547340393066, 0.9948365092277527, 0.9948365092277527, 0.9965576529502869], "loss": [0.4177616238594055, 0.3315543830394745, 0.3074975311756134, 0.2629072368144989, 0.23073342442512512, 0.19417406618595123, 0.1614653617143631, 0.1325659304857254, 0.09745148569345474, 0.08016051352024078, 0.04834297299385071, 0.028688354417681694, 0.017351264134049416, 0.028793834149837494, 0.017823752015829086], "val_accuracy": [0.8247422575950623, 0.8625429272651672, 0.8659793734550476, 0.800687313079834, 0.8591065406799316, 0.8487972617149353, 0.8659793734550476, 0.8625429272651672, 0.8419243693351746, 0.8522336483001709, 0.8453608155250549, 0.8247422575950623, 0.8659793734550476, 0.8591065406799316, 0.8453608155250549], "val_loss": [0.3592953085899353, 0.35037320852279663, 0.33073490858078003, 0.3723393976688385, 0.38531044125556946, 0.34710457921028137, 0.48090291023254395, 0.46888023614883423, 0.39748889207839966, 0.41741177439689636, 0.4437083899974823, 0.47566211223602295, 0.5625067949295044, 0.5799397826194763, 0.5311276912689209]}