{
  "lang":"en",
  "name":"pipeline",
  "version":"0.0.0",
  "spacy_version":">=3.7.5,<3.8.0",
  "description":"",
  "author":"",
  "email":"",
  "url":"",
  "license":"",
  "spacy_git_version":"a6d0fc360",
  "vectors":{
    "width":300,
    "vectors":514157,
    "keys":514157,
    "name":"en_vectors",
    "mode":"default"
  },
  "labels":{
    "tok2vec":[

    ],
    "ner":[
      "CARDINAL",
      "CITY",
      "DATE",
      "EVENT",
      "FAC",
      "GPE",
      "LANGUAGE",
      "LAW",
      "LOC",
      "MONEY",
      "NORP",
      "ORDINAL",
      "ORG",
      "PERCENT",
      "PERSON",
      "PRODUCT",
      "QUANTITY",
      "TIME",
      "WORK_OF_ART"
    ]
  },
  "pipeline":[
    "tok2vec",
    "ner"
  ],
  "components":[
    "tok2vec",
    "ner"
  ],
  "disabled":[

  ],
  "performance":{
    "ents_f":0.7520420878,
    "ents_p":0.7578125,
    "ents_r":0.7463588898,
    "ents_per_type":{
      "ORG":{
        "p":0.7327001357,
        "r":0.7520891365,
        "f":0.7422680412
      },
      "PERSON":{
        "p":0.8046875,
        "r":0.8356997972,
        "f":0.8199004975
      },
      "DATE":{
        "p":0.8568627451,
        "r":0.7534482759,
        "f":0.8018348624
      },
      "LAW":{
        "p":0.3548387097,
        "r":0.4782608696,
        "f":0.4074074074
      },
      "CARDINAL":{
        "p":0.8517241379,
        "r":0.8151815182,
        "f":0.8330522766
      },
      "FAC":{
        "p":0.3043478261,
        "r":0.4861111111,
        "f":0.3743315508
      },
      "NORP":{
        "p":0.8372093023,
        "r":0.7912087912,
        "f":0.813559322
      },
      "PRODUCT":{
        "p":0.0483870968,
        "r":0.1071428571,
        "f":0.0666666667
      },
      "CITY":{
        "p":0.7840909091,
        "r":0.7912844037,
        "f":0.7876712329
      },
      "ORDINAL":{
        "p":0.7916666667,
        "r":0.95,
        "f":0.8636363636
      },
      "QUANTITY":{
        "p":0.34375,
        "r":0.6197183099,
        "f":0.4422110553
      },
      "WORK_OF_ART":{
        "p":0.0,
        "r":0.0,
        "f":0.0
      },
      "TIME":{
        "p":0.7954545455,
        "r":0.7446808511,
        "f":0.7692307692
      },
      "LOC":{
        "p":0.4482758621,
        "r":0.3714285714,
        "f":0.40625
      },
      "GPE":{
        "p":0.9534050179,
        "r":0.7450980392,
        "f":0.8364779874
      },
      "MONEY":{
        "p":0.8505747126,
        "r":0.6434782609,
        "f":0.7326732673
      },
      "EVENT":{
        "p":0.5,
        "r":0.0714285714,
        "f":0.125
      },
      "PERCENT":{
        "p":0.7784810127,
        "r":0.6542553191,
        "f":0.710982659
      },
      "LANGUAGE":{
        "p":0.5,
        "r":1.0,
        "f":0.6666666667
      }
    },
    "tok2vec_loss":818.7717303996,
    "ner_loss":1343.5591253293
  }
}