{
  "lang":"en",
  "name":"pipeline",
  "version":"0.0.0",
  "spacy_version":">=3.7.5,<3.8.0",
  "description":"",
  "author":"",
  "email":"",
  "url":"",
  "license":"",
  "spacy_git_version":"a6d0fc360",
  "vectors":{
    "width":300,
    "vectors":514157,
    "keys":514157,
    "name":"en_vectors",
    "mode":"default"
  },
  "labels":{
    "tok2vec":[

    ],
    "ner":[
      "CARDINAL",
      "CITY",
      "DATE",
      "EVENT",
      "FAC",
      "GPE",
      "LANGUAGE",
      "LAW",
      "LOC",
      "MONEY",
      "NORP",
      "ORDINAL",
      "ORG",
      "PERCENT",
      "PERSON",
      "PRODUCT",
      "QUANTITY",
      "TIME",
      "WORK_OF_ART"
    ]
  },
  "pipeline":[
    "tok2vec",
    "ner"
  ],
  "components":[
    "tok2vec",
    "ner"
  ],
  "disabled":[

  ],
  "performance":{
    "ents_f":0.7789125035,
    "ents_p":0.7823676185,
    "ents_r":0.7754877714,
    "ents_per_type":{
      "ORG":{
        "p":0.7371967655,
        "r":0.7618384401,
        "f":0.7493150685
      },
      "PERSON":{
        "p":0.7791970803,
        "r":0.8661257606,
        "f":0.8203650336
      },
      "DATE":{
        "p":0.8384754991,
        "r":0.7965517241,
        "f":0.8169761273
      },
      "CARDINAL":{
        "p":0.8413284133,
        "r":0.7524752475,
        "f":0.7944250871
      },
      "CITY":{
        "p":0.7934782609,
        "r":0.8371559633,
        "f":0.8147321429
      },
      "NORP":{
        "p":0.8902439024,
        "r":0.8021978022,
        "f":0.8439306358
      },
      "FAC":{
        "p":0.7619047619,
        "r":0.2222222222,
        "f":0.3440860215
      },
      "PRODUCT":{
        "p":0.0277777778,
        "r":0.0357142857,
        "f":0.03125
      },
      "LAW":{
        "p":0.8,
        "r":0.347826087,
        "f":0.4848484848
      },
      "ORDINAL":{
        "p":0.8028169014,
        "r":0.95,
        "f":0.8702290076
      },
      "WORK_OF_ART":{
        "p":0.0,
        "r":0.0,
        "f":0.0
      },
      "MONEY":{
        "p":0.6538461538,
        "r":0.7391304348,
        "f":0.693877551
      },
      "GPE":{
        "p":0.9255952381,
        "r":0.8711484594,
        "f":0.8975468975
      },
      "TIME":{
        "p":0.74,
        "r":0.7872340426,
        "f":0.7628865979
      },
      "LOC":{
        "p":0.3023255814,
        "r":0.3714285714,
        "f":0.3333333333
      },
      "QUANTITY":{
        "p":0.5432098765,
        "r":0.6197183099,
        "f":0.5789473684
      },
      "EVENT":{
        "p":0.1428571429,
        "r":0.0714285714,
        "f":0.0952380952
      },
      "PERCENT":{
        "p":0.874251497,
        "r":0.7765957447,
        "f":0.8225352113
      },
      "LANGUAGE":{
        "p":1.0,
        "r":1.0,
        "f":1.0
      }
    },
    "tok2vec_loss":1155.7035368318,
    "ner_loss":2294.423299409
  }
}